source_row,Compound_ID,CPI_score
1,1,0.7384100347418073
2,2,0.6642611538394926
3,3,0.7384102015288941
4,4,0.8060607457040528
5,5,0.7898443585465791
6,6,0.7366229002763232
7,7,0.5958939769256069
8,8,0.6897961022578003
9,9,0.7447624079480175
10,10,0.8015288746402485
11,11,0.6229452069023462
12,12,0.8460169424530444
13,13,0.5636941102952605
14,14,0.8405268629581644
15,15,0.8210015176621407
16,16,0.6784979386577878
17,17,0.7586822129941289
18,18,0.8343213729188999
19,19,0.7366231177581951
20,20,0.7490007785675801
21,21,0.9039482310280657
22,22,0.843072314575208
23,23,0.54578194911181
24,24,0.8015286908166095
25,25,0.8398685525316213
26,26,0.8101821590095162
27,28,0.7586822705799623
28,29,0.6384017507195382
29,30,0.5747435863126449
30,31,0.4912030251929173
