Compound_ID,CPI_score
282,0.941096246
418,0.940098286
339,0.936231256
104,0.882683277
312,0.876588941
361,0.860839546
124,0.859806061
292,0.857228518
200,0.853196621
116,0.851537108
350,0.837390363
491,0.836618185
647,0.835997701
801,0.835781395
698,0.81991905
265,0.819561481
103,0.813560903
682,0.813323915
590,0.811669886
310,0.81047231
203,0.804676712
820,0.801219344
95,0.800565362
397,0.797604918
508,0.796191454
838,0.794064522
387,0.792392015
514,0.791450202
835,0.789762795
537,0.786485791
718,0.784798801
45,0.784145892
552,0.78356874
467,0.781002522
369,0.773464203
827,0.773406148
425,0.773267031
780,0.768605888
195,0.767216206
884,0.766000032
347,0.764631093
649,0.76387918
366,0.763552785
352,0.763109028
485,0.76304853
136,0.759920061
147,0.759790659
637,0.759461462
572,0.759335697
745,0.759306967
177,0.756672621
281,0.75652504
199,0.756483436
171,0.753928065
413,0.75310123
639,0.752832055
354,0.752559662
102,0.750564635
711,0.74844265
337,0.746097684
669,0.745517969
115,0.745050728
571,0.743717432
463,0.74273634
232,0.741441667
234,0.740122736
370,0.73973316
135,0.73886764
498,0.737832129
375,0.73761332
111,0.736986279
345,0.73423636
500,0.733631074
723,0.733209372
359,0.732901692
476,0.732495606
741,0.731246471
193,0.730056822
26,0.729134917
22,0.727990925
518,0.727896035
49,0.726044536
263,0.725173712
815,0.724066079
373,0.723392844
384,0.72121495
850,0.720862627
43,0.720493793
797,0.720255733
72,0.719860673
85,0.719526589
144,0.718894243
176,0.718217969
88,0.718040943
526,0.716119587
574,0.715314329
579,0.715084732
405,0.714178443
164,0.712335706
73,0.7118029
368,0.710490644
694,0.709451973
487,0.708760679
619,0.70799464
746,0.70753926
556,0.707341969
295,0.705230594
969,0.705107033
575,0.703960299
264,0.703920007
786,0.701542437
690,0.700930357
676,0.700722754
181,0.698720813
710,0.698306382
722,0.698063791
582,0.698020279
90,0.695808709
235,0.695744872
442,0.695716143
378,0.693894804
257,0.693764091
447,0.690970302
609,0.690854311
119,0.69079423
683,0.690582931
666,0.689355254
390,0.687440038
399,0.686783671
568,0.686744273
377,0.685793221
225,0.685257494
451,0.68441534
133,0.684402287
536,0.683114231
586,0.682038307
585,0.6820153
478,0.681137204
522,0.680632055
100,0.680506945
276,0.680357158
813,0.680240571
246,0.678883255
364,0.678332746
76,0.675730824
854,0.674681187
822,0.67399925
553,0.672339678
650,0.671413124
84,0.671268523
118,0.671083033
474,0.670686305
679,0.670204997
3,0.669977427
229,0.669905007
149,0.669773161
685,0.669279933
188,0.668428779
808,0.667985439
201,0.667514086
881,0.667030454
826,0.667004108
206,0.66661483
215,0.665127337
422,0.665107965
540,0.663782656
192,0.663415194
501,0.663331568
706,0.662823617
79,0.662363887
659,0.660676122
226,0.660628021
662,0.660381794
59,0.659688234
21,0.659686685
486,0.658899903
566,0.658642173
557,0.657394886
41,0.656800389
493,0.655461907
138,0.655440986
75,0.653813839
842,0.653659284
907,0.653514266
622,0.652930617
461,0.652874291
431,0.651861548
101,0.651400924
736,0.651393414
231,0.650980055
521,0.650715649
178,0.650628388
899,0.650440335
270,0.649700284
651,0.64966327
916,0.64892298
460,0.648604691
693,0.648193538
466,0.646806479
14,0.646514773
383,0.645674348
875,0.644583166
39,0.644055903
70,0.643894374
475,0.642310858
243,0.642153025
791,0.641217589
469,0.639952958
454,0.63961333
191,0.639247119
517,0.639064908
614,0.638701022
277,0.638628304
125,0.638524592
5,0.637934566
98,0.637436628
303,0.637108028
162,0.637106776
54,0.636183381
365,0.63494283
611,0.634497643
389,0.633585036
131,0.631909013
420,0.627685726
512,0.627458632
481,0.626234353
32,0.626146257
799,0.625493109
64,0.625000477
228,0.623764396
78,0.623623729
752,0.622174978
599,0.61989224
892,0.619650781
634,0.619628191
47,0.617636621
161,0.617270231
183,0.61599499
334,0.615947247
24,0.615495265
273,0.614803791
560,0.614156485
182,0.613937974
502,0.613533258
167,0.612933636
569,0.612763047
898,0.611472547
132,0.611321807
349,0.611312211
301,0.610871315
86,0.608834445
96,0.608589649
471,0.608359396
612,0.608211637
17,0.607785821
249,0.60778296
285,0.607657313
608,0.606257915
77,0.606247485
541,0.605883658
783,0.605178058
42,0.604997873
948,0.604044199
861,0.603424251
561,0.602912426
269,0.6024189
701,0.602164626
256,0.601268172
342,0.600974023
307,0.600959182
325,0.600841999
326,0.600199521
812,0.600176871
275,0.598864913
829,0.598483384
492,0.597430825
156,0.597297609
139,0.59554559
435,0.594478667
456,0.594296575
145,0.593605518
9,0.593294144
227,0.591769934
947,0.589994609
123,0.58841455
194,0.58745718
51,0.587386549
477,0.587195456
436,0.586859524
600,0.586282492
595,0.585663259
581,0.58543694
304,0.585169554
324,0.583331466
952,0.582610726
869,0.581232846
430,0.580946147
25,0.580732763
778,0.579893231
213,0.578721881
146,0.577227831
591,0.576572597
507,0.575489163
57,0.575476348
83,0.573835254
831,0.573368967
80,0.573288321
714,0.57327199
367,0.572956443
117,0.572832048
506,0.571137309
10,0.571112931
488,0.570330322
523,0.569199383
872,0.569153607
912,0.568788946
620,0.568443298
236,0.568126559
174,0.567837656
773,0.567783415
531,0.567368209
955,0.565824389
340,0.564518392
877,0.563923955
168,0.562755466
291,0.562499225
729,0.562263787
356,0.562103331
33,0.561751246
479,0.560842156
528,0.560745835
873,0.559816539
738,0.559758604
89,0.55971843
624,0.558721781
414,0.557899356
259,0.557853878
846,0.557508707
317,0.557381034
71,0.555947363
642,0.555570483
190,0.555338323
151,0.55510813
653,0.553950429
97,0.553636611
4,0.553622723
63,0.553449571
157,0.553385079
316,0.552932501
134,0.552742243
603,0.551300168
230,0.547708929
379,0.545732498
432,0.544824481
60,0.544306695
127,0.543882906
357,0.543692589
697,0.542031884
879,0.541812897
547,0.541733563
539,0.540844262
833,0.538969994
681,0.538728774
702,0.538232565
577,0.538141727
416,0.536447167
753,0.536383927
394,0.534752429
224,0.533938468
267,0.533580005
189,0.533421159
544,0.533251405
520,0.532376885
355,0.532253623
655,0.53203243
633,0.531462133
668,0.530887246
490,0.530739188
419,0.530462384
240,0.530084014
179,0.529525816
287,0.529072106
233,0.528885663
81,0.528584778
360,0.528393686
2,0.528261483
715,0.52801621
341,0.527791202
12,0.525289536
302,0.525147974
210,0.524994314
686,0.524743557
740,0.524244964
91,0.523260415
28,0.520934403
93,0.520540297
589,0.520482779
35,0.520130157
396,0.519502223
915,0.519486368
212,0.519399643
459,0.519294739
315,0.518891037
333,0.518306613
489,0.517975867
184,0.517530143
583,0.516376257
222,0.516322911
452,0.515759408
857,0.514760435
223,0.514510095
255,0.514206052
621,0.513369322
50,0.513179183
525,0.512719631
529,0.51050961
237,0.510316372
306,0.510141194
604,0.51013273
13,0.509867847
410,0.509469151
19,0.509437501
353,0.509053171
106,0.508690894
58,0.508470178
358,0.508295357
689,0.507903159
392,0.507590413
550,0.50725919
214,0.506284595
385,0.505004406
391,0.504898489
250,0.504422665
657,0.503931105
828,0.502914071
465,0.501801491
155,0.501775265
321,0.500126004
851,0.49980253
543,0.499028563
455,0.498859048
966,0.498483062
542,0.498063684
142,0.496870458
66,0.496004581
775,0.495913744
105,0.495478213
696,0.494054019
788,0.493972898
406,0.493789017
707,0.493687272
934,0.493082941
137,0.492548227
398,0.492337167
720,0.491863966
967,0.49183321
567,0.490699351
941,0.49066335
444,0.487137616
211,0.486547768
74,0.485752404
376,0.485727787
578,0.48547858
421,0.48387593
158,0.483800352
278,0.482439458
197,0.480556667
407,0.480228245
279,0.480049074
592,0.479992568
468,0.479944289
953,0.47807318
759,0.477651179
594,0.477101564
638,0.477079093
280,0.475571156
323,0.475242615
328,0.475206494
849,0.474983156
187,0.474894047
286,0.474195242
834,0.473826051
150,0.473078132
20,0.472922623
532,0.472711146
238,0.470037401
596,0.469793499
48,0.469374359
196,0.468719304
819,0.467541844
951,0.46726346
449,0.465323627
53,0.464915156
448,0.464813203
510,0.464432538
408,0.464161158
615,0.463851571
610,0.463123381
535,0.462798238
169,0.462282121
128,0.462274909
114,0.462172329
7,0.462120414
893,0.461151183
790,0.461129606
1,0.460971355
363,0.460418224
252,0.460250974
716,0.460223198
248,0.459856927
717,0.459838808
258,0.45854634
401,0.458009601
664,0.455847055
108,0.455779999
46,0.453802466
268,0.448283851
327,0.448109984
372,0.447604597
242,0.444991171
415,0.444226265
765,0.443916619
170,0.443312407
61,0.441019356
8,0.440049589
462,0.438498199
245,0.43806076
883,0.436007053
52,0.435242832
438,0.434847057
733,0.433701217
598,0.432899177
457,0.431279063
239,0.429206252
274,0.428638637
351,0.426830232
678,0.426593244
31,0.425564945
271,0.425409317
34,0.424910873
148,0.424497038
69,0.422578752
120,0.422504127
11,0.422483385
330,0.420910001
446,0.420598686
546,0.42027694
636,0.420012474
904,0.419305563
154,0.416414648
576,0.414972544
112,0.413313568
247,0.41232115
533,0.41155085
755,0.410807252
329,0.410630167
513,0.409555554
782,0.40945676
37,0.408535421
756,0.40809834
204,0.407741576
601,0.406857371
336,0.406589568
38,0.406484008
266,0.406458497
853,0.406304538
67,0.405604243
16,0.405410111
62,0.404917896
434,0.402859151
36,0.402438879
675,0.402427316
606,0.399964124
734,0.399266422
380,0.397218525
818,0.396027923
305,0.395404845
121,0.393761396
673,0.393311203
719,0.392310441
484,0.391082436
335,0.390910923
660,0.390553921
855,0.389570117
172,0.3894701
261,0.387985528
296,0.38769269
433,0.386990428
641,0.385442227
545,0.383029372
300,0.382831067
496,0.382513195
388,0.380566239
795,0.378947765
524,0.377196372
440,0.376946211
29,0.376757592
297,0.375954568
631,0.375657946
412,0.375419378
159,0.372873664
747,0.372201473
426,0.371993363
241,0.371645093
429,0.370342404
400,0.369018584
793,0.367127001
453,0.367088318
253,0.365915358
163,0.363424122
293,0.36060667
473,0.356696248
511,0.355684578
386,0.35532707
23,0.354062021
175,0.352698207
680,0.351871371
346,0.351291269
208,0.349157035
313,0.348517299
670,0.346561909
198,0.345922112
623,0.342168033
654,0.340991318
319,0.339867502
126,0.338770002
804,0.338761449
570,0.338172406
311,0.337091506
549,0.335063696
30,0.334675431
348,0.332596213
708,0.331185997
318,0.330474466
437,0.324652612
251,0.324464411
427,0.324423671
283,0.318414807
411,0.316506386
658,0.31627667
44,0.316180468
56,0.313080311
140,0.312686265
309,0.31173265
895,0.310996473
94,0.309672862
495,0.308658093
107,0.307204127
661,0.305880249
65,0.302290529
726,0.299716651
919,0.297438383
640,0.292955399
445,0.291443795
322,0.290966064
320,0.285300851
527,0.283149451
672,0.281928837
796,0.280888736
516,0.277180672
371,0.273303598
15,0.273146123
825,0.272052616
6,0.26777178
68,0.266221195
219,0.262901813
143,0.261392206
110,0.254864573
534,0.25198701
409,0.251972616
87,0.248784021
860,0.247348517
897,0.244315177
970,0.239374369
209,0.237182677
402,0.235684752
186,0.234984607
593,0.23087588
635,0.226492777
509,0.224041104
298,0.219909161
165,0.21566239
423,0.208492011
18,0.206609756
220,0.203547031
699,0.200287461
202,0.176990837
823,0.168355361
289,0.164111495
771,0.154842794
284,0.150085837
777,0.125454605
482,0.088938311
262,0.087490231
