Compound_ID,CPI_score
544,0.999999648
5,0.945541709
455,0.944188148
856,0.938338125
208,0.920111255
932,0.919888228
488,0.91597082
815,0.913524751
15,0.908339379
282,0.908118775
392,0.906326271
31,0.904839274
161,0.902326718
47,0.900925939
415,0.899867892
91,0.897670551
11,0.895751928
228,0.893224266
159,0.891057612
12,0.891057118
497,0.890132448
27,0.888889944
818,0.888120404
62,0.887931607
432,0.887930995
217,0.885194425
45,0.885194079
891,0.884713204
7,0.883089996
153,0.882253561
34,0.880726717
340,0.879058384
26,0.876339422
258,0.875664033
104,0.875663513
53,0.87482179
201,0.874219691
316,0.873798226
86,0.873279259
110,0.873042794
440,0.872052823
56,0.87205266
465,0.871468119
39,0.86943449
724,0.869434126
395,0.869434123
289,0.866299937
19,0.866299591
194,0.86472497
878,0.864047176
467,0.864046735
117,0.863472679
428,0.862369237
770,0.862369002
173,0.862368863
169,0.861507947
233,0.861507576
353,0.861067255
292,0.861067166
75,0.861067066
707,0.86065363
293,0.859866514
429,0.859866501
14,0.859866179
79,0.858440975
692,0.858440876
46,0.858440753
58,0.857968678
241,0.857540451
277,0.857540351
913,0.855730305
296,0.855729899
9,0.855103328
299,0.851707335
290,0.851021857
16,0.850456441
40,0.849854051
332,0.848230829
449,0.848230398
156,0.848230306
611,0.847473946
65,0.846801829
61,0.846017256
262,0.845058021
668,0.842571312
436,0.842571278
391,0.841195501
88,0.841195366
548,0.840527493
21,0.840527448
254,0.840527301
87,0.840527109
335,0.840526961
533,0.838707058
750,0.838039568
163,0.838039342
390,0.838039187
132,0.83803918
308,0.836462899
250,0.836462829
63,0.8364628
460,0.835996307
854,0.83599601
170,0.83496908
198,0.834968659
127,0.834321969
249,0.834321894
222,0.834321413
215,0.833321105
453,0.832761372
609,0.832761371
336,0.832761255
81,0.832760814
339,0.831339963
584,0.830494159
108,0.829921311
441,0.82928571
507,0.8292853
378,0.829285137
4,0.828773827
210,0.82877359
359,0.828025431
545,0.827262595
775,0.827262594
686,0.82726245
734,0.827262306
876,0.826605302
617,0.826050556
961,0.825456137
916,0.825455901
28,0.824741347
303,0.824741287
221,0.824740963
211,0.823960344
829,0.823960154
229,0.823184342
226,0.823184186
442,0.823184073
817,0.822355097
224,0.821698347
35,0.821698021
44,0.821001699
469,0.821001613
798,0.820214275
288,0.819258877
761,0.816464905
64,0.816464875
314,0.815021837
408,0.813932471
505,0.81393235
315,0.812342247
238,0.812341702
405,0.812341641
93,0.811049407
252,0.810182153
399,0.810181821
827,0.810181772
95,0.808623785
89,0.806060975
458,0.805098652
118,0.805098325
834,0.803980101
532,0.803980091
634,0.803980034
573,0.803979732
433,0.803979571
534,0.803050665
276,0.802276825
640,0.802276768
588,0.802276346
947,0.801528942
681,0.801528645
347,0.800568499
166,0.800568165
870,0.800568085
133,0.799294422
196,0.799294123
280,0.798251287
114,0.798251163
42,0.797309538
656,0.797309531
368,0.797309494
73,0.797309471
3,0.797309402
268,0.797309123
417,0.79635979
168,0.796359684
490,0.796359645
274,0.796359549
425,0.796359448
385,0.796359286
676,0.795508221
181,0.795507894
903,0.795507823
371,0.794552033
495,0.794551985
483,0.794551768
144,0.794551663
581,0.793644001
917,0.793643428
77,0.793643404
29,0.792693349
230,0.792693266
128,0.792693216
167,0.792693098
137,0.792692852
963,0.791405213
301,0.79140502
283,0.79140489
343,0.791404708
183,0.791404688
590,0.789844505
149,0.789844502
136,0.788649348
138,0.788648872
186,0.787854169
125,0.787853823
400,0.787853815
300,0.786893186
325,0.786892962
155,0.784691013
945,0.784690954
508,0.782190852
160,0.78219083
218,0.78219081
36,0.780788261
910,0.7807881
244,0.77945874
216,0.778086547
103,0.778086299
363,0.777045822
933,0.777045719
496,0.777045602
811,0.777045571
57,0.777045566
423,0.777045287
638,0.775823073
54,0.775823042
769,0.775822927
345,0.775822915
185,0.775822616
55,0.774660127
812,0.774659603
356,0.774659491
585,0.773680765
92,0.773680739
338,0.77255919
237,0.772559063
152,0.772559031
728,0.772559029
306,0.772558719
150,0.77255869
273,0.771343429
940,0.771343341
171,0.771343248
324,0.771343242
358,0.771342798
69,0.77030054
565,0.770300538
387,0.770300305
536,0.770300251
251,0.768994706
719,0.768994553
189,0.766825713
193,0.766825356
388,0.764962033
437,0.764962021
380,0.764961748
698,0.764961741
814,0.764961585
267,0.764961436
18,0.763342989
148,0.763342965
313,0.763342918
278,0.763342771
902,0.763342679
406,0.763342597
10,0.76172097
260,0.761720847
37,0.760185405
330,0.760185055
97,0.760184917
365,0.758682258
621,0.758682005
560,0.756746326
384,0.756746109
383,0.756745895
404,0.756745801
610,0.756745758
320,0.754933829
294,0.754933484
420,0.754933405
528,0.751942234
130,0.751941976
509,0.751941962
639,0.751941866
100,0.751941846
20,0.751941844
341,0.750438461
199,0.750438378
593,0.750438334
281,0.749001384
362,0.74900138
123,0.749001232
535,0.749001144
935,0.749001113
592,0.749000941
660,0.749000753
38,0.747503351
396,0.747503297
502,0.747503275
506,0.747502942
329,0.746230436
192,0.746230363
435,0.746230224
791,0.744763092
188,0.744763063
463,0.744762916
50,0.744762728
33,0.744762661
864,0.744762659
284,0.744762574
337,0.743169956
147,0.743169794
403,0.743169759
905,0.743169614
257,0.74316959
489,0.743169563
2,0.741494738
887,0.741494579
179,0.74149457
357,0.741494525
402,0.741494343
59,0.739814092
444,0.739813945
607,0.739813911
373,0.739813727
253,0.739813708
682,0.739813505
466,0.738410437
866,0.738410427
220,0.738410151
514,0.738410113
51,0.736623208
360,0.73662307
802,0.736622954
364,0.736622838
286,0.736622815
923,0.73662279
546,0.734865634
468,0.734865631
820,0.734865456
658,0.734865235
526,0.732736677
263,0.732736316
965,0.732736257
474,0.730239043
312,0.730239019
346,0.730238977
661,0.730238739
517,0.730238687
107,0.730238607
654,0.728658927
424,0.728658674
43,0.728658284
142,0.726781816
828,0.726781451
76,0.724660428
687,0.724660236
874,0.724660052
760,0.722608196
645,0.722608127
649,0.722608033
789,0.722607947
515,0.722607739
414,0.720267384
562,0.720267215
554,0.720267053
272,0.720267027
664,0.720267012
295,0.720266962
323,0.718314233
858,0.71831423
135,0.718314162
172,0.718314125
470,0.71831404
246,0.718313628
206,0.716095126
398,0.716095078
636,0.71609506
243,0.716095036
23,0.716094648
678,0.716094518
619,0.713948911
765,0.713948709
158,0.712293028
126,0.712292943
954,0.710483145
503,0.7104831
646,0.710482964
225,0.708809472
780,0.708809428
485,0.708809112
672,0.706518662
271,0.706518596
109,0.706518583
367,0.704545964
90,0.704545905
84,0.704545644
683,0.702420352
78,0.70242034
547,0.70242032
680,0.702420256
129,0.702420051
13,0.702420027
837,0.702420004
772,0.702419861
665,0.702419831
715,0.699216414
287,0.6992163
694,0.699216285
6,0.699215747
195,0.69596589
733,0.695965881
105,0.695965875
613,0.695965545
897,0.695965463
542,0.695965418
805,0.695965341
601,0.695965273
974,0.695965229
743,0.692820032
830,0.692819955
879,0.692819862
248,0.69281973
598,0.692819645
456,0.692819619
718,0.689796204
111,0.689796183
266,0.689796129
706,0.689795919
576,0.689795911
695,0.689795595
354,0.686794007
49,0.686793797
382,0.686793583
491,0.684166108
788,0.684166094
379,0.684165827
472,0.684165678
231,0.68416558
140,0.681135908
571,0.681135755
430,0.681135684
30,0.681135386
833,0.681135343
577,0.681135313
709,0.678498175
25,0.678497985
703,0.678497916
972,0.678497883
372,0.675315189
618,0.675315169
22,0.675315105
328,0.675315039
120,0.675315013
670,0.675314947
376,0.675314554
41,0.671481847
667,0.671481843
859,0.668656534
310,0.668656485
600,0.668656019
151,0.666146118
626,0.666146079
633,0.666145814
67,0.666145612
808,0.664261341
410,0.664261277
605,0.664261234
52,0.664261092
712,0.664261033
516,0.664260908
232,0.66426078
487,0.664260752
662,0.664260707
71,0.662101389
868,0.662101327
80,0.662101257
689,0.662101145
477,0.662101116
632,0.660093387
270,0.660093325
589,0.660093294
331,0.660093095
663,0.660093048
922,0.660092977
556,0.660092947
297,0.660092852
804,0.657262144
597,0.657262088
302,0.657262016
397,0.65726178
269,0.657261738
836,0.657261696
824,0.657261644
774,0.657261568
112,0.654878441
746,0.654878298
480,0.654878114
832,0.654878066
690,0.65487798
275,0.654877934
298,0.651371865
247,0.651371632
747,0.651371414
520,0.651371258
139,0.651371247
644,0.647964434
418,0.647964339
207,0.647964291
164,0.647964286
741,0.64796397
492,0.644375503
930,0.644375416
710,0.644375406
559,0.644375274
726,0.644375037
344,0.641060867
476,0.641060426
669,0.63840204
421,0.638401975
883,0.638401778
893,0.638401713
721,0.63840157
912,0.635881895
583,0.635881891
131,0.635881821
730,0.635881765
213,0.635881745
541,0.635881709
416,0.635881536
529,0.63588139
753,0.635881271
240,0.63283965
134,0.632839626
350,0.632839623
318,0.632839518
838,0.632839415
500,0.632839317
679,0.632839223
309,0.632839048
784,0.632839047
394,0.630081649
564,0.630081404
85,0.630081344
981,0.630081324
599,0.630081106
771,0.630081032
762,0.626975986
752,0.626975964
234,0.62697583
512,0.626975806
473,0.626975569
531,0.626975444
462,0.626975426
631,0.622945055
401,0.622944593
873,0.618412823
852,0.618412744
939,0.618412544
612,0.618412361
790,0.618412195
865,0.61841216
647,0.614348912
447,0.614348896
322,0.614348776
203,0.614348741
478,0.614348722
813,0.614348609
411,0.614348606
191,0.614348545
184,0.614348465
386,0.614348405
518,0.614348306
567,0.611084287
122,0.611084189
321,0.611084143
782,0.611084131
106,0.611084093
685,0.611083886
892,0.60742708
675,0.60742703
872,0.607427021
881,0.607426947
99,0.607426931
957,0.607426644
412,0.607426627
895,0.604132262
563,0.604132193
242,0.604131998
351,0.60413188
327,0.6041318
431,0.600482872
448,0.600482792
810,0.600482268
174,0.595894192
450,0.59589413
94,0.595894082
175,0.591261091
245,0.591260774
481,0.591260759
101,0.59126074
413,0.591260668
616,0.591260655
580,0.591260627
574,0.591260556
659,0.591260509
863,0.586216372
121,0.586216318
521,0.586216037
552,0.586215997
182,0.586215953
355,0.580706809
921,0.580706363
214,0.580706257
826,0.580706169
389,0.580706165
620,0.580706138
846,0.580706136
840,0.577666672
875,0.57766644
178,0.57766644
422,0.577666431
1,0.577666401
209,0.577666387
853,0.577666373
443,0.577666095
74,0.574743985
582,0.574743892
304,0.574743835
748,0.574743687
990,0.574743607
352,0.571114948
825,0.571114786
530,0.571114708
434,0.571114545
141,0.571114508
625,0.57111441
677,0.567699494
614,0.567699459
555,0.56769943
650,0.567699427
729,0.567699357
8,0.567699339
839,0.5676992
177,0.567699183
265,0.56369409
579,0.563693842
374,0.559705639
261,0.559705623
964,0.559705536
898,0.559705486
755,0.559705153
615,0.555163492
801,0.555163404
165,0.555163141
608,0.555163046
348,0.555162821
381,0.55028514
867,0.550285057
635,0.550285039
723,0.550285024
377,0.550285012
236,0.545781852
349,0.545781814
591,0.545781697
319,0.545781625
884,0.545781503
202,0.541522321
606,0.541522104
511,0.541522088
928,0.541522071
200,0.541522018
459,0.537155992
705,0.537155912
877,0.537155757
426,0.537155702
187,0.537155588
305,0.531830033
197,0.531829884
342,0.531829834
24,0.531829746
835,0.531829701
894,0.521730946
816,0.521730896
407,0.521730841
96,0.521730746
754,0.521730734
451,0.521730504
102,0.521730379
575,0.521730377
623,0.521730338
925,0.51651509
850,0.516514845
725,0.516514802
522,0.51230867
98,0.512308616
524,0.512308117
949,0.507613558
777,0.507613553
32,0.502779459
637,0.502779407
764,0.502779076
899,0.502778979
978,0.496854545
501,0.496854444
113,0.496854409
627,0.496853967
190,0.491203475
366,0.491203392
807,0.491203049
176,0.491202872
744,0.485429265
708,0.48542922
409,0.485429053
119,0.485429019
622,0.485428776
157,0.485428613
60,0.479619463
361,0.479619453
146,0.475064065
419,0.475063976
578,0.475063923
906,0.47506391
572,0.475063842
739,0.475063607
259,0.469399637
766,0.469399043
557,0.463573362
931,0.463573266
239,0.463573252
549,0.463573122
786,0.463573088
498,0.463572749
551,0.45692104
212,0.456921008
471,0.456920901
439,0.450912456
124,0.450912287
115,0.450912138
493,0.443791193
475,0.44379103
17,0.438019457
264,0.438019367
375,0.438019329
445,0.43801919
767,0.438019044
427,0.438019034
673,0.438018864
749,0.431386902
116,0.431386712
768,0.431386507
285,0.431386311
594,0.425446614
759,0.425446451
702,0.425446242
688,0.425445979
291,0.418714407
537,0.411484084
504,0.41148362
941,0.403920463
630,0.395488385
66,0.395488368
235,0.395488218
700,0.395487851
890,0.387535183
785,0.380817787
82,0.374792444
800,0.374792285
849,0.367565799
143,0.361218361
461,0.36121834
751,0.361218283
452,0.355166122
857,0.348064679
255,0.348064605
48,0.339006699
145,0.339006661
586,0.339006217
735,0.321600038
684,0.313607931
561,0.313607864
525,0.304470105
369,0.304470006
311,0.304469972
727,0.304469914
317,0.304469902
494,0.304469729
464,0.30446966
797,0.297234022
722,0.29723357
779,0.289571777
745,0.281912366
851,0.273500116
860,0.256235964
83,0.256235877
154,0.256235703
641,0.225847111
720,0.215949671
370,0.094482293