source_row,generation_class,Compound_ID,SMILES,Fraggle_similarity,Morgan_similarity,ANNalog_score,PAINS,SA_score,QED
1,medium,1,c1ccccc1CN1CCN2C(C1)C3=CC=CC=C3CC4=CC=CC=C42,0.1871921182266009,0.1864406779661017,-6.945719030882231,False,2.484675755649292,0.6696455065389466
2,medium,2,O1CCN2C(C1)C3=CC=CC=C3CC4=CC=CC=C42,0.1514423076923076,0.1607142857142857,-7.20323522848048,False,2.6279155771969123,0.7128083442936124
3,medium,3,N1CCN2C(C1)C3=CC=CC=C3CC4=CC=CC=C42,0.175438596491228,0.1607142857142857,-7.594422142901749,False,2.639099382864929,0.7731602116506519
4,medium,4,CN1CCN2C(C1)C3=CC(=O)C=C3CC4=CC=CC=C42,0.4206349206349206,0.3846153846153846,-7.833501744135219,False,3.28924326949382,0.7151736538826275
5,medium,5,CN1CCN2C(C1)C3=C(Cl)C=CC=C3CC4=CC=CC=C42,0.1922196796338672,0.320754716981132,-7.95161707836246,False,2.844558040657958,0.7309501418044754
6,medium,6,c1ccccc1N1CCN2C(C1)C3=CC=CC=C3CC4=CC=CC=C42,0.1711491442542787,0.1964285714285714,-7.983017439997695,False,2.5123992301729228,0.641634620319896
7,medium,7,C1CCN2C(C1)C3=CC=CC=C3CC4=CC=CC=C42,0.1901234567901234,0.1666666666666666,-8.264664545145934,False,2.4183552533102723,0.6717172797228298
8,medium,8,C1CN2C(C1)C3=CC=CC=C3CC4=CC=CC=C42,0.171990171990172,0.1698113207547169,-8.40634323595441,False,2.4164441379369137,0.6683991858786186
9,medium,9,N1CCN2C(C1)C3=CC=CC=C3Cc4ccccc42,0.175438596491228,0.1607142857142857,-8.561337623767031,False,2.639099382864929,0.7731602116506519
10,medium,10,OCCN1CCN2C(C1)C3=CC=CC=C3CC4=CC=CC=C42,0.1822660098522167,0.2068965517241379,-8.60643991449615,False,2.6654285582836312,0.9214359359532084
11,medium,11,c1ccccc1CCN1CCN2C(C1)C3=CC=CC=C3CC4=CC=CC=C42,0.185,0.2,-8.664784421766,False,2.5485504002787476,0.6727695960269369
12,medium,12,CN1CCN2C(C1)C3=CC=C(Cl)C=C3CC4=CC=CC=C42,0.1828978622327791,0.3090909090909091,-8.70957634883439,False,2.6930970066100386,0.7309501418044754
13,medium,13,CN1CCN2C(C1)C3=CC=CC(=O)C=C3CC4=CC=CC=C42,0.1761904761904762,0.3035714285714285,-8.77012657291209,False,2.9305045531061147,0.7449692872765866
14,medium,14,CN1CCN2C(C1)C3=CC=C(Br)C=C3CC4=CC=CC=C42,0.1894484412470023,0.3090909090909091,-8.854077054784284,False,2.75054492590386,0.7170347947560627
15,medium,15,c1cc(F)ccc1N1CCN2C(C1)C3=CC=CC=C3CC4=CC=CC=C42,0.1694117647058823,0.1833333333333333,-9.416088480487872,False,2.581043049893509,0.6256941134434815
16,medium,16,C1CN2C(CC1)C3=CC=CC=C3CC4=CC=CC=C42,0.1901234567901234,0.1666666666666666,-9.515720802279247,False,2.4183552533102723,0.6717172797228298
17,medium,17,N1CCN2C(C1)c3ccccc3CC4=CC=CC=C42,0.175438596491228,0.1607142857142857,-9.52917098862963,False,2.639099382864929,0.7731602116506519
18,medium,18,c1cc(Cl)ccc1N1CCN2C(C1)C3=CC=CC=C3CC4=CC=CC=C42,0.1725768321513002,0.1833333333333333,-9.530906663123517,False,2.5764000928505517,0.5797159946256791
19,medium,19,FC(F)(F)CN1CCN2C(C1)C3=CC=CC=C3CC4=CC=CC=C42,0.1842105263157894,0.1833333333333333,-9.545495785308276,False,2.8069746708959986,0.7782776298449355
20,medium,20,CN1CCN2C(C1)C3=CC=CC=C3Cc4ccc(OC)cc42,0.1830985915492957,0.2982456140350877,-9.554660236433849,False,2.6920867646445767,0.8036262979518562
21,medium,21,CN1CCN2C(C1)C3=C[C@H](O)C=C3CC4=CC=CC=C42,0.4232804232804232,0.3846153846153846,-9.647168384311954,False,3.7785184345523497,0.7738818738966307
22,medium,22,CN1CCN2C(C1)C3=CC=CC=C3Cc4cc(Br)ccc42,0.1923076923076923,0.3090909090909091,-9.752198189280534,False,2.739059427795413,0.7170347947560628
23,medium,23,CN1CCN2C(C1)C3=CC=CC=C3c3ccccc32,0.1658767772511848,0.3404255319148936,-9.76095782272023,False,2.504179761696623,0.7083884838993633
24,medium,24,CN1CCN2C(C1)C3=CC(O)=CC=C3CC4=CC=CC=C42,0.1822541966426858,0.3090909090909091,-9.998795225590584,False,2.767214787190115,0.8036256485370672
25,medium,25,CN1CCN2C(C1)C3=CC(OC)C=C3CC4=CC=CC=C42,0.4155844155844156,0.3703703703703703,-10.109301006887108,False,3.8590558999809583,0.7855155377045921
26,medium,26,CN1CCN2C(C1)C3CC=CC=C3CC4=CC=CC=C42,0.3704735376044568,0.3035714285714285,-10.18539528004476,False,3.578757480544347,0.7122439801493412
27,medium,28,CN1CCN2C(C1)C3=CC=CC=C3Cc4c(Cl)cccc42,0.1915887850467289,0.3090909090909091,-10.277511687944298,False,2.7927302979089053,0.7309501418044754
28,medium,29,CC(C)N1CCN2C(C1)C3=CC=CC=C3CC4=CC=CC=C42,0.2025,0.2142857142857142,-10.298848393329536,False,2.6725507069522685,0.7872073533104486
29,medium,30,CN1CCN2C(C1)C3=CCCCC3CC4=CC=CC=C42,0.3944444444444444,0.2857142857142857,-10.474157082440795,False,3.374848223699497,0.6671961931337123
30,medium,31,c1ccccc1CCCN1CCN2C(C1)C3=CC=CC=C3CC4=CC=CC=C42,0.2043795620437956,0.1935483870967742,-10.520357870205828,False,2.580346879318286,0.6330268236480836
